{
	"info": {
		"_postman_id": "fbd85ed9-44a1-49da-a848-a3697cd162b6",
		"name": "Final Project",
		"schema": "https://schema.getpostman.com/json/collection/v2.1.0/collection.json",
		"_exporter_id": "25186889"
	},
	"item": [
		{
			"name": "User Service",
			"item": [
				{
					"name": "create user",
					"request": {
						"method": "POST",
						"header": [],
						"body": {
							"mode": "raw",
							"raw": "{\r\n    \"firstName\": \"Gabriela\",\r\n\t\"lastName\": \"Chavez\",\r\n    \"displayName\": \"gabychavez\",\r\n    \"aboutYourself\": \"a person\",\r\n    \"experience\": \"java developer\",\r\n    \"domainExpertise\": \"Software development\",\r\n    \"role\": {\"id\": 1, \"role\": \"developer\"},\r\n    \"type\": {\"id\": 1, \"type\": \"student\"},\r\n    \"areaInterest\": [\r\n        {\"id\": 1, \"area\": \"Development\"},\r\n        {\"id\": 3, \"area\": \"Testing\"}\r\n    ],\r\n    \"profilePicture\": \"C://Documents/photo.img\"\r\n}",
							"options": {
								"raw": {
									"language": "json"
								}
							}
						},
						"url": {
							"raw": "http://localhost:8082/users",
							"protocol": "http",
							"host": [
								"localhost"
							],
							"port": "8082",
							"path": [
								"users"
							]
						}
					},
					"response": []
				},
				{
					"name": "update user",
					"request": {
						"method": "PUT",
						"header": [],
						"body": {
							"mode": "raw",
							"raw": "{\r\n    \"firstName\": \"Gaby\",\r\n\t\"lastName\": \"Chavez\",\r\n    \"displayName\": \"gabychavez\",\r\n    \"aboutYourself\": \"a developer\",\r\n    \"experience\": \"java developer\",\r\n    \"domainExpertise\": \"Software development\",\r\n    \"role\": {\"id\": 1, \"role\": \"developer\"},\r\n    \"type\": {\"id\": 1, \"type\": \"student\"},\r\n    \"areaInterest\": [\r\n        {\"id\": 1, \"area\": \"Development\"},\r\n        {\"id\": 3, \"area\": \"Testing\"}\r\n    ]\r\n}",
							"options": {
								"raw": {
									"language": "json"
								}
							}
						},
						"url": {
							"raw": "http://localhost:8082/users/1",
							"protocol": "http",
							"host": [
								"localhost"
							],
							"port": "8082",
							"path": [
								"users",
								"1"
							]
						}
					},
					"response": []
				},
				{
					"name": "get enrolled courses by user User Service",
					"request": {
						"method": "GET",
						"header": [],
						"url": {
							"raw": "http://localhost:8081/users/enrollment/1",
							"protocol": "http",
							"host": [
								"localhost"
							],
							"port": "8081",
							"path": [
								"users",
								"enrollment",
								"1"
							]
						}
					},
					"response": []
				}
			]
		},
		{
			"name": "Courses Service",
			"item": [
				{
					"name": "add review",
					"request": {
						"method": "POST",
						"header": [],
						"body": {
							"mode": "raw",
							"raw": "{\r\n    \"review\": \"Excellent course!\",\r\n    \"rating\": 5,\r\n    \"idUser\": 1,\r\n    \"course\": {\r\n        \"id\": 1,\r\n        \"name\": \"java fundaments\",\r\n        \"domain\": {\"id\": 1, \"domain\": \"development\"},\r\n        \"description\": \"java for beginners\",\r\n        \"author\": \"Jose Perez\",\r\n        \"price\": 100,\r\n        \"duration\": \"3 horas\"\r\n    },\r\n    \"isAnonymous\": true\r\n\r\n}",
							"options": {
								"raw": {
									"language": "json"
								}
							}
						},
						"url": {
							"raw": "http://localhost:8082/courses/review?idCourse=1",
							"protocol": "http",
							"host": [
								"localhost"
							],
							"port": "8082",
							"path": [
								"courses",
								"review"
							],
							"query": [
								{
									"key": "idCourse",
									"value": "1"
								}
							]
						}
					},
					"response": []
				},
				{
					"name": "create course",
					"request": {
						"method": "POST",
						"header": [],
						"body": {
							"mode": "raw",
							"raw": "{\r\n    \"name\": \"java fundaments\",\r\n\t\"domain\": {\"id\": 1, \"domain\": \"development\"},\r\n    \"description\": \"java for beginners\",\r\n    \"author\": \"Jose Perez\",\r\n    \"price\": 100,\r\n    \"duration\": \"3 horas\"\r\n}",
							"options": {
								"raw": {
									"language": "json"
								}
							}
						},
						"url": {
							"raw": "http://localhost:8082/courses",
							"protocol": "http",
							"host": [
								"localhost"
							],
							"port": "8082",
							"path": [
								"courses"
							]
						}
					},
					"response": []
				},
				{
					"name": "get all courses",
					"request": {
						"method": "GET",
						"header": [],
						"url": {
							"raw": "http://localhost:8082/courses",
							"protocol": "http",
							"host": [
								"localhost"
							],
							"port": "8082",
							"path": [
								"courses"
							]
						}
					},
					"response": []
				},
				{
					"name": "get sorted courses Asc",
					"request": {
						"method": "GET",
						"header": [],
						"url": {
							"raw": "http://localhost:8082/courses/sorted?order=asc",
							"protocol": "http",
							"host": [
								"localhost"
							],
							"port": "8082",
							"path": [
								"courses",
								"sorted"
							],
							"query": [
								{
									"key": "order",
									"value": "asc"
								}
							]
						}
					},
					"response": []
				},
				{
					"name": "get sorted courses Desc",
					"request": {
						"method": "GET",
						"header": [],
						"url": {
							"raw": "http://localhost:8082/courses/sorted?order=desc",
							"protocol": "http",
							"host": [
								"localhost"
							],
							"port": "8082",
							"path": [
								"courses",
								"sorted"
							],
							"query": [
								{
									"key": "order",
									"value": "desc"
								}
							]
						}
					},
					"response": []
				},
				{
					"name": "get course by id",
					"request": {
						"method": "GET",
						"header": [],
						"url": {
							"raw": "http://localhost:8082/courses/1",
							"protocol": "http",
							"host": [
								"localhost"
							],
							"port": "8082",
							"path": [
								"courses",
								"1"
							]
						}
					},
					"response": []
				},
				{
					"name": "get course by name",
					"request": {
						"method": "GET",
						"header": [],
						"url": {
							"raw": "http://localhost:8082/courses/courseName?name=test fundamentals",
							"protocol": "http",
							"host": [
								"localhost"
							],
							"port": "8082",
							"path": [
								"courses",
								"courseName"
							],
							"query": [
								{
									"key": "name",
									"value": "test fundamentals"
								}
							]
						}
					},
					"response": []
				},
				{
					"name": "get course by domain",
					"request": {
						"method": "GET",
						"header": [],
						"url": {
							"raw": "http://localhost:8082/courses/domain/development",
							"protocol": "http",
							"host": [
								"localhost"
							],
							"port": "8082",
							"path": [
								"courses",
								"domain",
								"development"
							]
						}
					},
					"response": []
				},
				{
					"name": "get course by avg rating",
					"request": {
						"method": "GET",
						"header": [],
						"url": {
							"raw": "http://localhost:8082/courses/rating",
							"protocol": "http",
							"host": [
								"localhost"
							],
							"port": "8082",
							"path": [
								"courses",
								"rating"
							]
						}
					},
					"response": []
				},
				{
					"name": "delete course",
					"request": {
						"method": "DELETE",
						"header": [],
						"url": {
							"raw": "http://localhost:8082/courses/1",
							"protocol": "http",
							"host": [
								"localhost"
							],
							"port": "8082",
							"path": [
								"courses",
								"1"
							]
						}
					},
					"response": []
				},
				{
					"name": "get enrolled courses by user id",
					"request": {
						"method": "GET",
						"header": [],
						"url": {
							"raw": "http://localhost:8082/courses/enrollment/1",
							"protocol": "http",
							"host": [
								"localhost"
							],
							"port": "8082",
							"path": [
								"courses",
								"enrollment",
								"1"
							]
						}
					},
					"response": []
				}
			]
		},
		{
			"name": "Cart Service",
			"item": [
				{
					"name": "create cart",
					"request": {
						"method": "POST",
						"header": [],
						"body": {
							"mode": "raw",
							"raw": "{\r\n    \"idUser\": 1,\r\n\t\"idCourse\": 1,\r\n    \"nameCourse\": \"java for beginners\"\r\n}",
							"options": {
								"raw": {
									"language": "json"
								}
							}
						},
						"url": {
							"raw": "http://localhost:8083/carts",
							"protocol": "http",
							"host": [
								"localhost"
							],
							"port": "8083",
							"path": [
								"carts"
							]
						}
					},
					"response": []
				},
				{
					"name": "delete course Copy",
					"request": {
						"method": "DELETE",
						"header": [],
						"url": {
							"raw": "http://localhost:8082/courses/1",
							"protocol": "http",
							"host": [
								"localhost"
							],
							"port": "8082",
							"path": [
								"courses",
								"1"
							]
						}
					},
					"response": []
				},
				{
					"name": "get cart by id user",
					"request": {
						"method": "GET",
						"header": [],
						"url": {
							"raw": "http://localhost:8083/carts/1",
							"protocol": "http",
							"host": [
								"localhost"
							],
							"port": "8083",
							"path": [
								"carts",
								"1"
							]
						}
					},
					"response": []
				},
				{
					"name": "checkout cart",
					"request": {
						"method": "POST",
						"header": [],
						"url": {
							"raw": "http://localhost:8083/carts/checkout/1",
							"protocol": "http",
							"host": [
								"localhost"
							],
							"port": "8083",
							"path": [
								"carts",
								"checkout",
								"1"
							]
						}
					},
					"response": []
				}
			]
		}
	]
}